"Reference","Qty","Value","DNP","Exclude from BOM","Exclude from Board","Exclude from Simulation","Exclude from Position Files","Footprint","Datasheet"
"C1,C2,C3,C4,C5,C6,C8","7","100nF","","","","","${EXCLUDE_FROM_POS_FILES}","Capacitor_SMD:C_0603_1608Metric",""
"C7","1","1uF","","","","","${EXCLUDE_FROM_POS_FILES}","Capacitor_SMD:C_0603_1608Metric",""
"C9","1","10uF","","","","","${EXCLUDE_FROM_POS_FILES}","Capacitor_SMD:C_0603_1608Metric",""
"D1","1","LED","","","","","${EXCLUDE_FROM_POS_FILES}","LED_SMD:LED_0603_1608Metric",""
"J1","1","USB_C_Receptacle_USB2.0_16P","","","","","${EXCLUDE_FROM_POS_FILES}","Connector_USB:USB_C_Receptacle_GCT_USB4105-xx-A_16P_TopMnt_Horizontal","https://www.usb.org/sites/default/files/documents/usb_type-c.zip"
"J2,J3","2","Conn_01x20","","","","","${EXCLUDE_FROM_POS_FILES}","Connector_PinHeader_2.54mm:PinHeader_1x20_P2.54mm_Vertical",""
"R1,R2","2","5.1kΩ","","","","","${EXCLUDE_FROM_POS_FILES}","Resistor_SMD:R_0603_1608Metric",""
"R3","1","1kΩ","","","","","${EXCLUDE_FROM_POS_FILES}","Resistor_SMD:R_0603_1608Metric",""
"SW1","1","RESET","","","","","${EXCLUDE_FROM_POS_FILES}","Button_Switch_SMD:SW_Push_1P1T_NO_E-Switch_TL3301NxxxxxG",""
"SW2","1","BOOTSEL","","","","","${EXCLUDE_FROM_POS_FILES}","Button_Switch_SMD:SW_Push_1P1T_NO_E-Switch_TL3301NxxxxxG",""
"U1","1","RP2040","","","","","${EXCLUDE_FROM_POS_FILES}","Package_DFN_QFN:QFN-56-1EP_7x7mm_P0.4mm_EP3.2x3.2mm","https://datasheets.raspberrypi.com/rp2040/rp2040-datasheet.pdf"
"U2","1","W25Q128JVSIQ","","","","","${EXCLUDE_FROM_POS_FILES}","Package_SO:SOIC-8_5.3x5.3mm_P1.27mm","https://www.winbond.com/resource-files/w25q128jv_dtr%20revc%2003272018%20plus.pdf"
"U3","1","AP2112K-3.3","","","","","${EXCLUDE_FROM_POS_FILES}","Package_TO_SOT_SMD:SOT-23-5","https://www.diodes.com/assets/Datasheets/AP2112.pdf"
"Y1","1","12MHz","","","","","${EXCLUDE_FROM_POS_FILES}","Crystal:Crystal_SMD_3225-4Pin_3.2x2.5mm",""
